Refactored?,Md guidelines ready?,Work Unit ID,file_path,line_number,line_content,spring component,change_status,class_changes,old groupId,old artifactId
FAILED,N,M2.REFACTOR.2,core/src/main/java/com/jivesoftware/base/database/dao/JiveJdbcDaoSupport.java,14,org.springframework.jdbc.core.simple.ParameterizedBeanPropertyRowMapper,spring-jdbc,REMOVED,"CLASS_REMOVED,CLASS_GENERIC_TEMPLATE_CHANGED",org.springframework,spring-jdbc
Y,N,M2.REFACTOR.2,core/src/main/java/com/jive/api/access/dao/impl/ApiDAOImpl.java,21,org.springframework.jdbc.core.simple.ParameterizedRowMapper,spring-jdbc,REMOVED,"CLASS_REMOVED,CLASS_GENERIC_TEMPLATE_CHANGED",org.springframework,spring-jdbc
Y,N,M2.REFACTOR.2,core/src/main/java/com/jive/api/entitlement/dao/impl/ApiEntitlementDAOImpl.java,16,org.springframework.jdbc.core.simple.ParameterizedRowMapper,spring-jdbc,REMOVED,"CLASS_REMOVED,CLASS_GENERIC_TEMPLATE_CHANGED",org.springframework,spring-jdbc
sent to Sweep,Y,M2.REFACTOR.2,core/src/main/java/com/jivesoftware/api/binary/daos/impl/AccessTokenDAOImpl.java,18,org.springframework.jdbc.core.simple.ParameterizedRowMapper,spring-jdbc,REMOVED,"CLASS_REMOVED,CLASS_GENERIC_TEMPLATE_CHANGED",org.springframework,spring-jdbc
Y,N,M2.REFACTOR.2,core/src/main/java/com/jivesoftware/api/binary/daos/impl/BinaryMetadataDAOImpl.java,19,org.springframework.jdbc.core.simple.ParameterizedRowMapper,spring-jdbc,REMOVED,"CLASS_REMOVED,CLASS_GENERIC_TEMPLATE_CHANGED",org.springframework,spring-jdbc
Y,N,M2.REFACTOR.2,core/src/main/java/com/jivesoftware/api/connects/dao/impl/AuthStyleDAOImpl.java,16,org.springframework.jdbc.core.simple.ParameterizedRowMapper,spring-jdbc,REMOVED,"CLASS_REMOVED,CLASS_GENERIC_TEMPLATE_CHANGED",org.springframework,spring-jdbc
Y,N,M2.REFACTOR.2,core/src/main/java/com/jivesoftware/api/connects/dao/impl/ConnectionDAOImpl.java,22,org.springframework.jdbc.core.simple.ParameterizedRowMapper,spring-jdbc,REMOVED,"CLASS_REMOVED,CLASS_GENERIC_TEMPLATE_CHANGED",org.springframework,spring-jdbc
Y,Y,M2.REFACTOR.2,core/src/main/java/com/jivesoftware/api/connects/dao/impl/CredentialsTypeDAOImpl.java,16,org.springframework.jdbc.core.simple.ParameterizedRowMapper,spring-jdbc,REMOVED,"CLASS_REMOVED,CLASS_GENERIC_TEMPLATE_CHANGED",org.springframework,spring-jdbc
Y,N,M2.REFACTOR.2,core/src/main/java/com/jivesoftware/api/connects/dao/impl/HeaderDAOImpl.java,16,org.springframework.jdbc.core.simple.ParameterizedRowMapper,spring-jdbc,REMOVED,"CLASS_REMOVED,CLASS_GENERIC_TEMPLATE_CHANGED",org.springframework,spring-jdbc
Y,N,M2.REFACTOR.2,core/src/main/java/com/jivesoftware/api/connects/dao/impl/OwnerDAOImpl.java,19,org.springframework.jdbc.core.simple.ParameterizedRowMapper,spring-jdbc,REMOVED,"CLASS_REMOVED,CLASS_GENERIC_TEMPLATE_CHANGED",org.springframework,spring-jdbc
Y,N,M2.REFACTOR.2,core/src/main/java/com/jivesoftware/api/connects/dao/impl/PropertyDAOImpl.java,18,org.springframework.jdbc.core.simple.ParameterizedRowMapper,spring-jdbc,REMOVED,"CLASS_REMOVED,CLASS_GENERIC_TEMPLATE_CHANGED",org.springframework,spring-jdbc
Y,N,M2.REFACTOR.2,core/src/main/java/com/jivesoftware/api/connects/dao/impl/ServiceDAOImpl.java,21,org.springframework.jdbc.core.simple.ParameterizedRowMapper,spring-jdbc,REMOVED,"CLASS_REMOVED,CLASS_GENERIC_TEMPLATE_CHANGED",org.springframework,spring-jdbc
Y,N,M2.REFACTOR.2,core/src/main/java/com/jivesoftware/api/connects/dao/impl/ServiceTagDAOImpl.java,16,org.springframework.jdbc.core.simple.ParameterizedRowMapper,spring-jdbc,REMOVED,"CLASS_REMOVED,CLASS_GENERIC_TEMPLATE_CHANGED",org.springframework,spring-jdbc
Y,N,M2.REFACTOR.2,core/src/main/java/com/jivesoftware/api/connects/dao/impl/TagDAOImpl.java,16,org.springframework.jdbc.core.simple.ParameterizedRowMapper,spring-jdbc,REMOVED,"CLASS_REMOVED,CLASS_GENERIC_TEMPLATE_CHANGED",org.springframework,spring-jdbc
Y,N,M2.REFACTOR.2,core/src/main/java/com/jivesoftware/community/aaa/sso/saml/storage/SamlAuthnRequestDAOImpl.java,17,org.springframework.jdbc.core.simple.ParameterizedRowMapper,spring-jdbc,REMOVED,"CLASS_REMOVED,CLASS_GENERIC_TEMPLATE_CHANGED",org.springframework,spring-jdbc
Y,N,M2.REFACTOR.2,core/src/main/java/com/jivesoftware/community/acclaim/dao/impl/AcclaimDAOImpl.java,48,org.springframework.jdbc.core.simple.ParameterizedRowMapper,spring-jdbc,REMOVED,"CLASS_REMOVED,CLASS_GENERIC_TEMPLATE_CHANGED",org.springframework,spring-jdbc
Y,N,M2.REFACTOR.2,core/src/main/java/com/jivesoftware/community/acclaim/dao/impl/VoteDAOImpl.java,27,org.springframework.jdbc.core.simple.ParameterizedRowMapper,spring-jdbc,REMOVED,"CLASS_REMOVED,CLASS_GENERIC_TEMPLATE_CHANGED",org.springframework,spring-jdbc
Y,N,M2.REFACTOR.2,core/src/main/java/com/jivesoftware/community/acclaim/util/SyncAcclaimContainersTask.java,20,org.springframework.jdbc.core.simple.ParameterizedRowMapper,spring-jdbc,REMOVED,"CLASS_REMOVED,CLASS_GENERIC_TEMPLATE_CHANGED",org.springframework,spring-jdbc
Y,Y,M2.REFACTOR.2,core/src/main/java/com/jivesoftware/community/activity/popularity/dao/impl/PopularityDAOImpl.java,22,org.springframework.jdbc.core.simple.ParameterizedRowMapper,spring-jdbc,REMOVED,"CLASS_REMOVED,CLASS_GENERIC_TEMPLATE_CHANGED",org.springframework,spring-jdbc
Y,N,M2.REFACTOR.2,core/src/main/java/com/jivesoftware/community/analytics/dao/impl/AnalyticsDAOImpl.java,30,org.springframework.jdbc.core.simple.ParameterizedRowMapper,spring-jdbc,REMOVED,"CLASS_REMOVED,CLASS_GENERIC_TEMPLATE_CHANGED",org.springframework,spring-jdbc
Y,N,M2.REFACTOR.2,core/src/main/java/com/jivesoftware/community/analytics/dao/impl/ReportsCSVAdminManagerDAOImpl.java,6,org.springframework.jdbc.core.simple.ParameterizedRowMapper,spring-jdbc,REMOVED,"CLASS_REMOVED,CLASS_GENERIC_TEMPLATE_CHANGED",org.springframework,spring-jdbc
Y,N,M2.REFACTOR.2,core/src/main/java/com/jivesoftware/community/announcements/dao/impl/UserAnnouncePropertyDAOImpl.java,14,org.springframework.jdbc.core.simple.ParameterizedRowMapper,spring-jdbc,REMOVED,"CLASS_REMOVED,CLASS_GENERIC_TEMPLATE_CHANGED",org.springframework,spring-jdbc
Y,,M2.REFACTOR.2,core/src/main/java/com/jivesoftware/community/app/dao/impl/AppActionDAOImpl.java,18,org.springframework.jdbc.core.simple.ParameterizedRowMapper,spring-jdbc,REMOVED,"CLASS_REMOVED,CLASS_GENERIC_TEMPLATE_CHANGED",org.springframework,spring-jdbc
Y,N,M2.REFACTOR.2,core/src/main/java/com/jivesoftware/community/app/dao/impl/AppActionTextDAOImpl.java,15,org.springframework.jdbc.core.simple.ParameterizedRowMapper,spring-jdbc,REMOVED,"CLASS_REMOVED,CLASS_GENERIC_TEMPLATE_CHANGED",org.springframework,spring-jdbc
Y,N,M2.REFACTOR.2,core/src/main/java/com/jivesoftware/community/app/dao/impl/AppAlertAckDAOImpl.java,14,org.springframework.jdbc.core.simple.ParameterizedRowMapper,spring-jdbc,REMOVED,"CLASS_REMOVED,CLASS_GENERIC_TEMPLATE_CHANGED",org.springframework,spring-jdbc
Y,N,M2.REFACTOR.2,core/src/main/java/com/jivesoftware/community/app/dao/impl/AppAlertDAOImpl.java,19,org.springframework.jdbc.core.simple.ParameterizedRowMapper,spring-jdbc,REMOVED,"CLASS_REMOVED,CLASS_GENERIC_TEMPLATE_CHANGED",org.springframework,spring-jdbc
Y,N,M2.REFACTOR.2,core/src/main/java/com/jivesoftware/community/app/dao/impl/AppDAOImpl.java,32,org.springframework.jdbc.core.simple.ParameterizedRowMapper,spring-jdbc,REMOVED,"CLASS_REMOVED,CLASS_GENERIC_TEMPLATE_CHANGED",org.springframework,spring-jdbc
FAILED,N,M2.REFACTOR.2,core/src/main/java/com/jivesoftware/community/app/dao/impl/AppDashboardDAOImpl.java,21,org.springframework.jdbc.core.simple.ParameterizedRowMapper,spring-jdbc,REMOVED,"CLASS_REMOVED,CLASS_GENERIC_TEMPLATE_CHANGED",org.springframework,spring-jdbc
Y,N,M2.REFACTOR.2,core/src/main/java/com/jivesoftware/community/app/dao/impl/AppDashboardInstanceDAOImpl.java,20,org.springframework.jdbc.core.simple.ParameterizedRowMapper,spring-jdbc,REMOVED,"CLASS_REMOVED,CLASS_GENERIC_TEMPLATE_CHANGED",org.springframework,spring-jdbc
Y,N,M2.REFACTOR.2,core/src/main/java/com/jivesoftware/community/app/dao/impl/AppInstanceAlertDAOImpl.java,20,org.springframework.jdbc.core.simple.ParameterizedRowMapper,spring-jdbc,REMOVED,"CLASS_REMOVED,CLASS_GENERIC_TEMPLATE_CHANGED",org.springframework,spring-jdbc
Y,N,M2.REFACTOR.2,core/src/main/java/com/jivesoftware/community/app/dao/impl/AppInstanceDAOImpl.java,29,org.springframework.jdbc.core.simple.ParameterizedRowMapper,spring-jdbc,REMOVED,"CLASS_REMOVED,CLASS_GENERIC_TEMPLATE_CHANGED",org.springframework,spring-jdbc
Y,N,M2.REFACTOR.2,core/src/main/java/com/jivesoftware/community/app/dao/impl/AppSecurityGroupDAOImpl.java,18,org.springframework.jdbc.core.simple.ParameterizedRowMapper,spring-jdbc,REMOVED,"CLASS_REMOVED,CLASS_GENERIC_TEMPLATE_CHANGED",org.springframework,spring-jdbc
Y,N,M2.REFACTOR.2,core/src/main/java/com/jivesoftware/community/app/dao/impl/AppStatsDAOImpl.java,12,org.springframework.jdbc.core.simple.ParameterizedRowMapper,spring-jdbc,REMOVED,"CLASS_REMOVED,CLASS_GENERIC_TEMPLATE_CHANGED",org.springframework,spring-jdbc
Y,N,M2.REFACTOR.2,core/src/main/java/com/jivesoftware/community/app/development/impl/AppsDevSettingsDAOImpl.java,16,org.springframework.jdbc.core.simple.ParameterizedRowMapper,spring-jdbc,REMOVED,"CLASS_REMOVED,CLASS_GENERIC_TEMPLATE_CHANGED",org.springframework,spring-jdbc
FAILED,N,M2.REFACTOR.2,core/src/main/java/com/jivesoftware/community/app/market/impl/AppsMarketDAOImpl.java,14,org.springframework.jdbc.core.simple.ParameterizedRowMapper,spring-jdbc,REMOVED,"CLASS_REMOVED,CLASS_GENERIC_TEMPLATE_CHANGED",org.springframework,spring-jdbc
Y,N,M2.REFACTOR.2,core/src/main/java/com/jivesoftware/community/assets/dao/impl/AssetExtDAOImpl.java,18,org.springframework.jdbc.core.simple.ParameterizedRowMapper,spring-jdbc,REMOVED,"CLASS_REMOVED,CLASS_GENERIC_TEMPLATE_CHANGED",org.springframework,spring-jdbc
Y,N,M2.REFACTOR.2,core/src/main/java/com/jivesoftware/community/audit/impl/AuditLogDAOImpl.java,20,org.springframework.jdbc.core.simple.ParameterizedRowMapper,spring-jdbc,REMOVED,"CLASS_REMOVED,CLASS_GENERIC_TEMPLATE_CHANGED",org.springframework,spring-jdbc
Y,N,M2.REFACTOR.2,core/src/main/java/com/jivesoftware/community/content/polls/dao/impl/PollDAOImpl.java,39,org.springframework.jdbc.core.simple.ParameterizedRowMapper,spring-jdbc,REMOVED,"CLASS_REMOVED,CLASS_GENERIC_TEMPLATE_CHANGED",org.springframework,spring-jdbc
Y,N,M2.REFACTOR.2,core/src/main/java/com/jivesoftware/community/contentmeta/dao/impl/ContentMetaDAOImpl.java,18,org.springframework.jdbc.core.simple.ParameterizedRowMapper,spring-jdbc,REMOVED,"CLASS_REMOVED,CLASS_GENERIC_TEMPLATE_CHANGED",org.springframework,spring-jdbc
FAILED,N,M2.REFACTOR.2,core/src/main/java/com/jivesoftware/community/entitlements/dao/impl/EntitlementsExtDAOImpl.java,21,org.springframework.jdbc.core.simple.ParameterizedRowMapper,spring-jdbc,REMOVED,"CLASS_REMOVED,CLASS_GENERIC_TEMPLATE_CHANGED",org.springframework,spring-jdbc
Y,N,M2.REFACTOR.2,core/src/main/java/com/jivesoftware/community/entitlements/dao/impl/PermissionLevelDAOImpl.java,44,org.springframework.jdbc.core.simple.ParameterizedRowMapper,spring-jdbc,REMOVED,"CLASS_REMOVED,CLASS_GENERIC_TEMPLATE_CHANGED",org.springframework,spring-jdbc
Y,N,M2.REFACTOR.2,core/src/main/java/com/jivesoftware/community/entitlements/migration/MigrateHomePagePermissionsTask.java,19,org.springframework.jdbc.core.simple.ParameterizedRowMapper,spring-jdbc,REMOVED,"CLASS_REMOVED,CLASS_GENERIC_TEMPLATE_CHANGED",org.springframework,spring-jdbc
Y,N,M2.REFACTOR.2,core/src/main/java/com/jivesoftware/community/error/impl/ErrorDAOImpl.java,25,org.springframework.jdbc.core.simple.ParameterizedRowMapper,spring-jdbc,REMOVED,"CLASS_REMOVED,CLASS_GENERIC_TEMPLATE_CHANGED",org.springframework,spring-jdbc
Y,N,M2.REFACTOR.2,core/src/main/java/com/jivesoftware/community/extactivity/dao/impl/StreamChannelDAOImpl.java,17,org.springframework.jdbc.core.simple.ParameterizedRowMapper,spring-jdbc,REMOVED,"CLASS_REMOVED,CLASS_GENERIC_TEMPLATE_CHANGED",org.springframework,spring-jdbc
Y,N,M2.REFACTOR.2,core/src/main/java/com/jivesoftware/community/extactivity/dao/impl/StreamEntryDAOImpl.java,34,org.springframework.jdbc.core.simple.ParameterizedRowMapper,spring-jdbc,REMOVED,"CLASS_REMOVED,CLASS_GENERIC_TEMPLATE_CHANGED",org.springframework,spring-jdbc
Y,N,M2.REFACTOR.2,core/src/main/java/com/jivesoftware/community/extactivity/i18n/impl/StreamEntryTextDAOImpl.java,15,org.springframework.jdbc.core.simple.ParameterizedRowMapper,spring-jdbc,REMOVED,"CLASS_REMOVED,CLASS_GENERIC_TEMPLATE_CHANGED",org.springframework,spring-jdbc
Y,N,M2.REFACTOR.2,core/src/main/java/com/jivesoftware/community/extcomments/ExternalCommentDAOImpl.java,12,org.springframework.jdbc.core.simple.ParameterizedRowMapper,spring-jdbc,REMOVED,"CLASS_REMOVED,CLASS_GENERIC_TEMPLATE_CHANGED",org.springframework,spring-jdbc
Y,N,M2.REFACTOR.2,core/src/main/java/com/jivesoftware/community/extendedinvitation/dao/impl/ExtendedInvitationDAOImpl.java,19,org.springframework.jdbc.core.simple.ParameterizedRowMapper,spring-jdbc,REMOVED,"CLASS_REMOVED,CLASS_GENERIC_TEMPLATE_CHANGED",org.springframework,spring-jdbc
Y,N,M2.REFACTOR.2,core/src/main/java/com/jivesoftware/community/extension/dao/impl/ExtensionAlertDAOImpl.java,21,org.springframework.jdbc.core.simple.ParameterizedRowMapper,spring-jdbc,REMOVED,"CLASS_REMOVED,CLASS_GENERIC_TEMPLATE_CHANGED",org.springframework,spring-jdbc
Y,N,M2.REFACTOR.2,core/src/main/java/com/jivesoftware/community/extension/dao/impl/ExtensionDAOImpl.java,31,org.springframework.jdbc.core.simple.ParameterizedRowMapper,spring-jdbc,REMOVED,"CLASS_REMOVED,CLASS_GENERIC_TEMPLATE_CHANGED",org.springframework,spring-jdbc
Y,N,M2.REFACTOR.2,core/src/main/java/com/jivesoftware/community/favorites/dao/impl/FavoriteDAOImpl.java,28,org.springframework.jdbc.core.simple.ParameterizedRowMapper,spring-jdbc,REMOVED,"CLASS_REMOVED,CLASS_GENERIC_TEMPLATE_CHANGED",org.springframework,spring-jdbc
FAILED,N,M2.REFACTOR.2,core/src/main/java/com/jivesoftware/community/formattedtext/dao/impl/DbFormattedTextDAO.java,26,org.springframework.jdbc.core.simple.ParameterizedRowMapper,spring-jdbc,REMOVED,"CLASS_REMOVED,CLASS_GENERIC_TEMPLATE_CHANGED",org.springframework,spring-jdbc
Y,N,M2.REFACTOR.2,core/src/main/java/com/jivesoftware/community/impl/BodyContentUpgradeTask.java,21,org.springframework.jdbc.core.simple.ParameterizedRowMapper,spring-jdbc,REMOVED,"CLASS_REMOVED,CLASS_GENERIC_TEMPLATE_CHANGED",org.springframework,spring-jdbc
Y,N,M2.REFACTOR.2,core/src/main/java/com/jivesoftware/community/impl/dao/AbuseDAOImpl.java,16,org.springframework.jdbc.core.simple.ParameterizedRowMapper,spring-jdbc,REMOVED,"CLASS_REMOVED,CLASS_GENERIC_TEMPLATE_CHANGED",org.springframework,spring-jdbc
Y,N,M2.REFACTOR.2,core/src/main/java/com/jivesoftware/community/impl/dao/ActivityDAOImpl.java,30,org.springframework.jdbc.core.simple.ParameterizedRowMapper,spring-jdbc,REMOVED,"CLASS_REMOVED,CLASS_GENERIC_TEMPLATE_CHANGED",org.springframework,spring-jdbc
Y,N,M2.REFACTOR.2,core/src/main/java/com/jivesoftware/community/impl/dao/ApprovalDAOImpl.java,23,org.springframework.jdbc.core.simple.ParameterizedRowMapper,spring-jdbc,REMOVED,"CLASS_REMOVED,CLASS_GENERIC_TEMPLATE_CHANGED",org.springframework,spring-jdbc
FAILED,N,M2.REFACTOR.2,core/src/main/java/com/jivesoftware/community/impl/dao/AvatarDAOImpl.java,19,org.springframework.jdbc.core.simple.ParameterizedRowMapper,spring-jdbc,REMOVED,"CLASS_REMOVED,CLASS_GENERIC_TEMPLATE_CHANGED",org.springframework,spring-jdbc
Y,N,M2.REFACTOR.2,core/src/main/java/com/jivesoftware/community/impl/dao/BanDAOImpl.java,21,org.springframework.jdbc.core.simple.ParameterizedRowMapper,spring-jdbc,REMOVED,"CLASS_REMOVED,CLASS_GENERIC_TEMPLATE_CHANGED",org.springframework,spring-jdbc
Y,N,M2.REFACTOR.2,core/src/main/java/com/jivesoftware/community/impl/dao/DbAttachmentDAO.java,20,org.springframework.jdbc.core.simple.ParameterizedRowMapper,spring-jdbc,REMOVED,"CLASS_REMOVED,CLASS_GENERIC_TEMPLATE_CHANGED",org.springframework,spring-jdbc
Y,N,M2.REFACTOR.2,core/src/main/java/com/jivesoftware/community/impl/dao/DbBinaryBodyDAO.java,18,org.springframework.jdbc.core.simple.ParameterizedRowMapper,spring-jdbc,REMOVED,"CLASS_REMOVED,CLASS_GENERIC_TEMPLATE_CHANGED",org.springframework,spring-jdbc
Y,N,M2.REFACTOR.2,core/src/main/java/com/jivesoftware/community/impl/dao/DbCommentDAO.java,45,org.springframework.jdbc.core.simple.ParameterizedRowMapper,spring-jdbc,REMOVED,"CLASS_REMOVED,CLASS_GENERIC_TEMPLATE_CHANGED",org.springframework,spring-jdbc
Y,N,M2.REFACTOR.2,core/src/main/java/com/jivesoftware/community/impl/dao/DbCommunityDAO.java,40,org.springframework.jdbc.core.simple.ParameterizedRowMapper,spring-jdbc,REMOVED,"CLASS_REMOVED,CLASS_GENERIC_TEMPLATE_CHANGED",org.springframework,spring-jdbc
Y,N,M2.REFACTOR.2,core/src/main/java/com/jivesoftware/community/impl/dao/DbDocumentDAO.java,87,org.springframework.jdbc.core.simple.ParameterizedRowMapper,spring-jdbc,REMOVED,"CLASS_REMOVED,CLASS_GENERIC_TEMPLATE_CHANGED",org.springframework,spring-jdbc
Y,N,M2.REFACTOR.2,core/src/main/java/com/jivesoftware/community/impl/dao/DbDocumentTypeDAO.java,14,org.springframework.jdbc.core.simple.ParameterizedRowMapper,spring-jdbc,REMOVED,"CLASS_REMOVED,CLASS_GENERIC_TEMPLATE_CHANGED",org.springframework,spring-jdbc
Y,N,M2.REFACTOR.2,core/src/main/java/com/jivesoftware/community/impl/dao/DbForumMessageDAO.java,39,org.springframework.jdbc.core.simple.ParameterizedRowMapper,spring-jdbc,REMOVED,"CLASS_REMOVED,CLASS_GENERIC_TEMPLATE_CHANGED",org.springframework,spring-jdbc
Y,N,M2.REFACTOR.2,core/src/main/java/com/jivesoftware/community/impl/dao/DbForumThreadDAO.java,35,org.springframework.jdbc.core.simple.ParameterizedRowMapper,spring-jdbc,REMOVED,"CLASS_REMOVED,CLASS_GENERIC_TEMPLATE_CHANGED",org.springframework,spring-jdbc
Y,N,M2.REFACTOR.2,core/src/main/java/com/jivesoftware/community/impl/dao/DbReadTrackerDAO.java,17,org.springframework.jdbc.core.simple.ParameterizedRowMapper,spring-jdbc,REMOVED,"CLASS_REMOVED,CLASS_GENERIC_TEMPLATE_CHANGED",org.springframework,spring-jdbc
Y,N,M2.REFACTOR.2,core/src/main/java/com/jivesoftware/community/impl/dao/DbSearchEngineDAO.java,18,org.springframework.jdbc.core.simple.ParameterizedRowMapper,spring-jdbc,REMOVED,"CLASS_REMOVED,CLASS_GENERIC_TEMPLATE_CHANGED",org.springframework,spring-jdbc
Y,Y,M2.REFACTOR.2,core/src/main/java/com/jivesoftware/community/impl/dao/DbVersionCommentDAO.java,13,org.springframework.jdbc.core.simple.ParameterizedRowMapper,spring-jdbc,REMOVED,"CLASS_REMOVED,CLASS_GENERIC_TEMPLATE_CHANGED",org.springframework,spring-jdbc
Y,N,M2.REFACTOR.2,core/src/main/java/com/jivesoftware/community/impl/dao/JiveI18nTextDAOImpl.java,23,org.springframework.jdbc.core.simple.ParameterizedRowMapper,spring-jdbc,REMOVED,"CLASS_REMOVED,CLASS_GENERIC_TEMPLATE_CHANGED",org.springframework,spring-jdbc
Y,Y,M2.REFACTOR.2,core/src/main/java/com/jivesoftware/community/impl/dao/JiveLockDAO.java,12,org.springframework.jdbc.core.simple.ParameterizedRowMapper,spring-jdbc,REMOVED,"CLASS_REMOVED,CLASS_GENERIC_TEMPLATE_CHANGED",org.springframework,spring-jdbc
Y,N,M2.REFACTOR.2,core/src/main/java/com/jivesoftware/community/impl/dao/PermissionsDAOImpl.java,15,org.springframework.jdbc.core.simple.ParameterizedRowMapper,spring-jdbc,REMOVED,"CLASS_REMOVED,CLASS_GENERIC_TEMPLATE_CHANGED",org.springframework,spring-jdbc
Y,N,M2.REFACTOR.2,core/src/main/java/com/jivesoftware/community/impl/dao/QuestProgressDAOImpl.java,29,org.springframework.jdbc.core.simple.ParameterizedRowMapper,spring-jdbc,REMOVED,"CLASS_REMOVED,CLASS_GENERIC_TEMPLATE_CHANGED",org.springframework,spring-jdbc
Y,Y,M2.REFACTOR.2,core/src/main/java/com/jivesoftware/community/impl/dao/UpgradeUserDAOImpl.java,22,org.springframework.jdbc.core.simple.ParameterizedRowMapper,spring-jdbc,REMOVED,"CLASS_REMOVED,CLASS_GENERIC_TEMPLATE_CHANGED",org.springframework,spring-jdbc
Y,N,M2.REFACTOR.2,core/src/main/java/com/jivesoftware/community/impl/dao/UserContainerDAOImpl.java,21,org.springframework.jdbc.core.simple.ParameterizedRowMapper,spring-jdbc,REMOVED,"CLASS_REMOVED,CLASS_GENERIC_TEMPLATE_CHANGED",org.springframework,spring-jdbc
Y,N,M2.REFACTOR.2,core/src/main/java/com/jivesoftware/community/impl/dao/UserEntitlementDAOImpl.java,25,org.springframework.jdbc.core.simple.ParameterizedRowMapper,spring-jdbc,REMOVED,"CLASS_REMOVED,CLASS_GENERIC_TEMPLATE_CHANGED",org.springframework,spring-jdbc
Y,N,M2.REFACTOR.2,core/src/main/java/com/jivesoftware/community/impl/search/provider/UserIndexInfoProvider.java,23,org.springframework.jdbc.core.simple.ParameterizedRowMapper,spring-jdbc,REMOVED,"CLASS_REMOVED,CLASS_GENERIC_TEMPLATE_CHANGED",org.springframework,spring-jdbc
Y,N,M2.REFACTOR.2,core/src/main/java/com/jivesoftware/community/impl/search/user/ProfileIndexDataGathererImpl.java,37,org.springframework.jdbc.core.simple.ParameterizedRowMapper,spring-jdbc,REMOVED,"CLASS_REMOVED,CLASS_GENERIC_TEMPLATE_CHANGED",org.springframework,spring-jdbc
Y,N,M2.REFACTOR.2,core/src/main/java/com/jivesoftware/community/invitation/dao/impl/InvitationDAOImpl.java,24,org.springframework.jdbc.core.simple.ParameterizedRowMapper,spring-jdbc,REMOVED,"CLASS_REMOVED,CLASS_GENERIC_TEMPLATE_CHANGED",org.springframework,spring-jdbc
Y,N,M2.REFACTOR.2,core/src/main/java/com/jivesoftware/community/labels/dao/impl/LabelDAOImpl.java,21,org.springframework.jdbc.core.simple.ParameterizedRowMapper,spring-jdbc,REMOVED,"CLASS_REMOVED,CLASS_GENERIC_TEMPLATE_CHANGED",org.springframework,spring-jdbc
Y,N,M2.REFACTOR.2,core/src/main/java/com/jivesoftware/community/license/metering/impl/MeteringDaoImpl.java,18,org.springframework.jdbc.core.simple.ParameterizedRowMapper,spring-jdbc,REMOVED,"CLASS_REMOVED,CLASS_GENERIC_TEMPLATE_CHANGED",org.springframework,spring-jdbc
Y,N,M2.REFACTOR.2,core/src/main/java/com/jivesoftware/community/mail/dao/impl/EmailTokenDAOImpl.java,14,org.springframework.jdbc.core.simple.ParameterizedRowMapper,spring-jdbc,REMOVED,"CLASS_REMOVED,CLASS_GENERIC_TEMPLATE_CHANGED",org.springframework,spring-jdbc
Y,N,M2.REFACTOR.2,core/src/main/java/com/jivesoftware/community/oauth/dao/impl/JiveOAuthTokenDAOImpl.java,25,org.springframework.jdbc.core.simple.ParameterizedRowMapper,spring-jdbc,REMOVED,"CLASS_REMOVED,CLASS_GENERIC_TEMPLATE_CHANGED",org.springframework,spring-jdbc
Y,N,M2.REFACTOR.2,core/src/main/java/com/jivesoftware/community/oauth/dao/impl/OAuthPairingDAOImpl.java,30,org.springframework.jdbc.core.simple.ParameterizedRowMapper,spring-jdbc,REMOVED,"CLASS_REMOVED,CLASS_GENERIC_TEMPLATE_CHANGED",org.springframework,spring-jdbc
Y,N,M2.REFACTOR.2,core/src/main/java/com/jivesoftware/community/oauth2/dao/JiveOAuth2ClientDAOImpl.java,20,org.springframework.jdbc.core.simple.ParameterizedRowMapper,spring-jdbc,REMOVED,"CLASS_REMOVED,CLASS_GENERIC_TEMPLATE_CHANGED",org.springframework,spring-jdbc
Y,Y,M2.REFACTOR.2,core/src/main/java/com/jivesoftware/community/oauth2/dao/JiveOAuth2CodeDAOImpl.java,22,org.springframework.jdbc.core.simple.ParameterizedRowMapper,spring-jdbc,REMOVED,"CLASS_REMOVED,CLASS_GENERIC_TEMPLATE_CHANGED",org.springframework,spring-jdbc
Y,N,M2.REFACTOR.2,core/src/main/java/com/jivesoftware/community/objecttype/archive/impl/ArchivalPolicyDAO.java,14,org.springframework.jdbc.core.simple.ParameterizedRowMapper,spring-jdbc,REMOVED,"CLASS_REMOVED,CLASS_GENERIC_TEMPLATE_CHANGED",org.springframework,spring-jdbc
Y,N,M2.REFACTOR.2,core/src/main/java/com/jivesoftware/community/objecttype/impl/AbstractContentTypeDAO.java,31,org.springframework.jdbc.core.simple.ParameterizedRowMapper,spring-jdbc,REMOVED,"CLASS_REMOVED,CLASS_GENERIC_TEMPLATE_CHANGED",org.springframework,spring-jdbc
Y,N,M2.REFACTOR.2,core/src/main/java/com/jivesoftware/community/opensocial/dao/impl/AppDataDAOImpl.java,22,org.springframework.jdbc.core.simple.ParameterizedRowMapper,spring-jdbc,REMOVED,"CLASS_REMOVED,CLASS_GENERIC_TEMPLATE_CHANGED",org.springframework,spring-jdbc
Y,N,M2.REFACTOR.2,core/src/main/java/com/jivesoftware/community/opensocial/dao/impl/OAuthStoreDAOImpl.java,18,org.springframework.jdbc.core.simple.ParameterizedRowMapper,spring-jdbc,REMOVED,"CLASS_REMOVED,CLASS_GENERIC_TEMPLATE_CHANGED",org.springframework,spring-jdbc
FAILED,N,M2.REFACTOR.2,core/src/main/java/com/jivesoftware/community/outcome/dao/impl/OutcomeDAOImpl.java,30,org.springframework.jdbc.core.simple.ParameterizedRowMapper,spring-jdbc,REMOVED,"CLASS_REMOVED,CLASS_GENERIC_TEMPLATE_CHANGED",org.springframework,spring-jdbc
Y,N,M2.REFACTOR.2,core/src/main/java/com/jivesoftware/community/project/ProjectDAOImpl.java,28,org.springframework.jdbc.core.simple.ParameterizedRowMapper,spring-jdbc,REMOVED,"CLASS_REMOVED,CLASS_GENERIC_TEMPLATE_CHANGED",org.springframework,spring-jdbc
Y,N,M2.REFACTOR.2,core/src/main/java/com/jivesoftware/community/project/ProjectStatusDAOImpl.java,16,org.springframework.jdbc.core.simple.ParameterizedRowMapper,spring-jdbc,REMOVED,"CLASS_REMOVED,CLASS_GENERIC_TEMPLATE_CHANGED",org.springframework,spring-jdbc
Y,N,M2.REFACTOR.2,core/src/main/java/com/jivesoftware/community/project/TaskDAOImpl.java,25,org.springframework.jdbc.core.simple.ParameterizedRowMapper,spring-jdbc,REMOVED,"CLASS_REMOVED,CLASS_GENERIC_TEMPLATE_CHANGED",org.springframework,spring-jdbc
Y,N,M2.REFACTOR.2,core/src/main/java/com/jivesoftware/community/rating/dao/impl/RatingDAOImpl.java,14,org.springframework.jdbc.core.simple.ParameterizedRowMapper,spring-jdbc,REMOVED,"CLASS_REMOVED,CLASS_GENERIC_TEMPLATE_CHANGED",org.springframework,spring-jdbc
Y,N,M2.REFACTOR.2,core/src/main/java/com/jivesoftware/community/sitemap/dao/SitemapDAOImpl.java,23,org.springframework.jdbc.core.simple.ParameterizedRowMapper,spring-jdbc,REMOVED,"CLASS_REMOVED,CLASS_GENERIC_TEMPLATE_CHANGED",org.springframework,spring-jdbc
Y,N,M2.REFACTOR.2,core/src/main/java/com/jivesoftware/community/socialgroup/SocialGroupDAOImpl.java,47,org.springframework.jdbc.core.simple.ParameterizedRowMapper,spring-jdbc,REMOVED,"CLASS_REMOVED,CLASS_GENERIC_TEMPLATE_CHANGED",org.springframework,spring-jdbc
FAILED,Y,M2.REFACTOR.2,core/src/main/java/com/jivesoftware/community/tagset/impl/dao/DbTagSetDAO.java,23,org.springframework.jdbc.core.simple.ParameterizedRowMapper,spring-jdbc,REMOVED,"CLASS_REMOVED,CLASS_GENERIC_TEMPLATE_CHANGED",org.springframework,spring-jdbc
Y,N,M2.REFACTOR.2,core/src/main/java/com/jivesoftware/community/upgrade/tasks/AddCompanyProfileFieldSecurityLevelTask.java,14,org.springframework.jdbc.core.simple.ParameterizedRowMapper,spring-jdbc,REMOVED,"CLASS_REMOVED,CLASS_GENERIC_TEMPLATE_CHANGED",org.springframework,spring-jdbc
FAILED,N,M2.REFACTOR.2,core/src/main/java/com/jivesoftware/community/upgrade/tasks/AddCompanyProfileFieldTask.java,14,org.springframework.jdbc.core.simple.ParameterizedRowMapper,spring-jdbc,REMOVED,"CLASS_REMOVED,CLASS_GENERIC_TEMPLATE_CHANGED",org.springframework,spring-jdbc
Y,N,M2.REFACTOR.2,core/src/main/java/com/jivesoftware/community/upgrade/tasks/AddGroupUserHistoryTableTask.java,14,org.springframework.jdbc.core.simple.ParameterizedRowMapper,spring-jdbc,REMOVED,"CLASS_REMOVED,CLASS_GENERIC_TEMPLATE_CHANGED",org.springframework,spring-jdbc
Y,Y,M2.REFACTOR.2,core/src/main/java/com/jivesoftware/community/upgrade/tasks/AddProfileFieldSecurityLevelsTask.java,11,org.springframework.jdbc.core.simple.ParameterizedRowMapper,spring-jdbc,REMOVED,"CLASS_REMOVED,CLASS_GENERIC_TEMPLATE_CHANGED",org.springframework,spring-jdbc
Y,N,M2.REFACTOR.2,core/src/main/java/com/jivesoftware/community/upgrade/tasks/AddSocialGroupMemberIDColumnTask.java,18,org.springframework.jdbc.core.simple.ParameterizedRowMapper,spring-jdbc,REMOVED,"CLASS_REMOVED,CLASS_GENERIC_TEMPLATE_CHANGED",org.springframework,spring-jdbc
Y,Y,M2.REFACTOR.2,core/src/main/java/com/jivesoftware/community/upgrade/tasks/AlterPollTablesTask.java,18,org.springframework.jdbc.core.simple.ParameterizedRowMapper,spring-jdbc,REMOVED,"CLASS_REMOVED,CLASS_GENERIC_TEMPLATE_CHANGED",org.springframework,spring-jdbc
Y,N,M2.REFACTOR.2,core/src/main/java/com/jivesoftware/community/upgrade/tasks/ConsolidateDuplicateTagsTask.java,16,org.springframework.jdbc.core.simple.ParameterizedRowMapper,spring-jdbc,REMOVED,"CLASS_REMOVED,CLASS_GENERIC_TEMPLATE_CHANGED",org.springframework,spring-jdbc
Y,N,M2.REFACTOR.2,core/src/main/java/com/jivesoftware/community/upgrade/tasks/CorrectUserStatusContainerID.java,13,org.springframework.jdbc.core.simple.ParameterizedRowMapper,spring-jdbc,REMOVED,"CLASS_REMOVED,CLASS_GENERIC_TEMPLATE_CHANGED",org.springframework,spring-jdbc
Y,N,M2.REFACTOR.2,core/src/main/java/com/jivesoftware/community/upgrade/tasks/DocumentVersionCleanupTask.java,10,org.springframework.jdbc.core.simple.ParameterizedRowMapper,spring-jdbc,REMOVED,"CLASS_REMOVED,CLASS_GENERIC_TEMPLATE_CHANGED",org.springframework,spring-jdbc
Y,?,M2.REFACTOR.2,core/src/main/java/com/jivesoftware/community/upgrade/tasks/EncryptJiveWidgetFrmPropEncryptedPropertyTask.java,16,org.springframework.jdbc.core.simple.ParameterizedRowMapper,spring-jdbc,REMOVED,"CLASS_REMOVED,CLASS_GENERIC_TEMPLATE_CHANGED",org.springframework,spring-jdbc
Y,N,M2.REFACTOR.2,core/src/main/java/com/jivesoftware/community/upgrade/tasks/FixJiveQuestionCorruptDataTask.java,15,org.springframework.jdbc.core.simple.ParameterizedRowMapper,spring-jdbc,REMOVED,"CLASS_REMOVED,CLASS_GENERIC_TEMPLATE_CHANGED",org.springframework,spring-jdbc
Y,N,M2.REFACTOR.2,core/src/main/java/com/jivesoftware/community/upgrade/tasks/InlineCommentCleanupTask.java,11,org.springframework.jdbc.core.simple.ParameterizedRowMapper,spring-jdbc,REMOVED,"CLASS_REMOVED,CLASS_GENERIC_TEMPLATE_CHANGED",org.springframework,spring-jdbc
Y,Y,M2.REFACTOR.2,core/src/main/java/com/jivesoftware/community/upgrade/tasks/JiveI18nTextImporterTask.java,21,org.springframework.jdbc.core.simple.ParameterizedRowMapper,spring-jdbc,REMOVED,"CLASS_REMOVED,CLASS_GENERIC_TEMPLATE_CHANGED",org.springframework,spring-jdbc
Y,N,M2.REFACTOR.2,core/src/main/java/com/jivesoftware/community/upgrade/tasks/MigrateDocverseDataTask.java,31,org.springframework.jdbc.core.simple.ParameterizedRowMapper,spring-jdbc,REMOVED,"CLASS_REMOVED,CLASS_GENERIC_TEMPLATE_CHANGED",org.springframework,spring-jdbc
Y,N,M2.REFACTOR.2,core/src/main/java/com/jivesoftware/community/upgrade/tasks/MigrateProfileSecuritySettingsUpgradeTask.java,12,org.springframework.jdbc.core.simple.ParameterizedRowMapper,spring-jdbc,REMOVED,"CLASS_REMOVED,CLASS_GENERIC_TEMPLATE_CHANGED",org.springframework,spring-jdbc
FAILED,N,M2.REFACTOR.2,core/src/main/java/com/jivesoftware/community/upgrade/tasks/MigrateRatingsToAcclaimTask.java,17,org.springframework.jdbc.core.simple.ParameterizedRowMapper,spring-jdbc,REMOVED,"CLASS_REMOVED,CLASS_GENERIC_TEMPLATE_CHANGED",org.springframework,spring-jdbc
Y,Y,M2.REFACTOR.2,core/src/main/java/com/jivesoftware/community/upgrade/tasks/MigrateRatingsToAcclaimVotesTask.java,14,org.springframework.jdbc.core.simple.ParameterizedRowMapper,spring-jdbc,REMOVED,"CLASS_REMOVED,CLASS_GENERIC_TEMPLATE_CHANGED",org.springframework,spring-jdbc
Y,N,M2.REFACTOR.2,core/src/main/java/com/jivesoftware/community/upgrade/tasks/MigrateSocialGroupPermLevelsToHomePageSystemTask.java,33,org.springframework.jdbc.core.simple.ParameterizedRowMapper,spring-jdbc,REMOVED,"CLASS_REMOVED,CLASS_GENERIC_TEMPLATE_CHANGED",org.springframework,spring-jdbc
Y,N,M2.REFACTOR.2,core/src/main/java/com/jivesoftware/community/upgrade/tasks/RecalculateMigratedRatingsTask.java,12,org.springframework.jdbc.core.simple.ParameterizedRowMapper,spring-jdbc,REMOVED,"CLASS_REMOVED,CLASS_GENERIC_TEMPLATE_CHANGED",org.springframework,spring-jdbc
Y,?,M2.REFACTOR.2,core/src/main/java/com/jivesoftware/community/upgrade/tasks/RewriteCommunityDisplayNamesTask.java,15,org.springframework.jdbc.core.simple.ParameterizedRowMapper,spring-jdbc,REMOVED,"CLASS_REMOVED,CLASS_GENERIC_TEMPLATE_CHANGED",org.springframework,spring-jdbc
FAILED,N,M2.REFACTOR.2,core/src/main/java/com/jivesoftware/community/user/profile/dao/ProfileImageDAOImpl.java,18,org.springframework.jdbc.core.simple.ParameterizedRowMapper,spring-jdbc,REMOVED,"CLASS_REMOVED,CLASS_GENERIC_TEMPLATE_CHANGED",org.springframework,spring-jdbc
Y,N,M2.REFACTOR.2,core/src/main/java/com/jivesoftware/community/user/profile/dao/UserProfileDAOImpl.java,19,org.springframework.jdbc.core.simple.ParameterizedRowMapper,spring-jdbc,REMOVED,"CLASS_REMOVED,CLASS_GENERIC_TEMPLATE_CHANGED",org.springframework,spring-jdbc
Y,N,M2.REFACTOR.2,core/src/main/java/com/jivesoftware/community/user/profile/dao/UserProfileDataHelper.java,15,org.springframework.jdbc.core.simple.ParameterizedRowMapper,spring-jdbc,REMOVED,"CLASS_REMOVED,CLASS_GENERIC_TEMPLATE_CHANGED",org.springframework,spring-jdbc
Y,N,M2.REFACTOR.2,core/src/main/java/com/jivesoftware/community/user/profile/security/dao/ProfileSecurityDAOImpl.java,12,org.springframework.jdbc.core.simple.ParameterizedRowMapper,spring-jdbc,REMOVED,"CLASS_REMOVED,CLASS_GENERIC_TEMPLATE_CHANGED",org.springframework,spring-jdbc
Y,N,M2.REFACTOR.2,core/src/main/java/com/jivesoftware/community/user/relationships/dao/UserRelationshipDAOImpl.java,31,org.springframework.jdbc.core.simple.ParameterizedRowMapper,spring-jdbc,REMOVED,"CLASS_REMOVED,CLASS_GENERIC_TEMPLATE_CHANGED",org.springframework,spring-jdbc
Y,N,M2.REFACTOR.2,core/src/main/java/com/jivesoftware/community/webhooks/dao/impl/WebhookDAOImpl.java,46,org.springframework.jdbc.core.simple.ParameterizedRowMapper,spring-jdbc,REMOVED,"CLASS_REMOVED,CLASS_GENERIC_TEMPLATE_CHANGED",org.springframework,spring-jdbc
Y,N,M2.REFACTOR.2,core/src/main/java/com/jivesoftware/community/webhooks/dao/impl/WebhookQueueDAOImpl.java,20,org.springframework.jdbc.core.simple.ParameterizedRowMapper,spring-jdbc,REMOVED,"CLASS_REMOVED,CLASS_GENERIC_TEMPLATE_CHANGED",org.springframework,spring-jdbc
Y,N,M2.REFACTOR.2,core/src/main/java/com/jivesoftware/community/widget/WidgetDAOImpl.java,18,org.springframework.jdbc.core.simple.ParameterizedRowMapper,spring-jdbc,REMOVED,"CLASS_REMOVED,CLASS_GENERIC_TEMPLATE_CHANGED",org.springframework,spring-jdbc
Y,N,M2.REFACTOR.2,core/src/main/java/com/jivesoftware/conversion/dao/impl/ConversionDAOImpl.java,25,org.springframework.jdbc.core.simple.ParameterizedRowMapper,spring-jdbc,REMOVED,"CLASS_REMOVED,CLASS_GENERIC_TEMPLATE_CHANGED",org.springframework,spring-jdbc
Y,N,M2.REFACTOR.2,core/src/main/java/com/jivesoftware/conversion/dao/impl/OfficeCoAuthorDAOImpl.java,17,org.springframework.jdbc.core.simple.ParameterizedRowMapper,spring-jdbc,REMOVED,"CLASS_REMOVED,CLASS_GENERIC_TEMPLATE_CHANGED",org.springframework,spring-jdbc
Y,?,M2.REFACTOR.2,core/src/test/java/com/jivesoftware/community/impl/dao/DbDocumentDAOTest.java,55,org.springframework.jdbc.core.simple.ParameterizedRowMapper,spring-jdbc,REMOVED,"CLASS_REMOVED,CLASS_GENERIC_TEMPLATE_CHANGED",org.springframework,spring-jdbc
Y,?,M2.REFACTOR.2,hut/core/src/test/java/com/jivesoftware/community/analytics/dao/impl/AnalyticsDAOImplTest.java,62,org.springframework.jdbc.core.simple.ParameterizedRowMapper,spring-jdbc,REMOVED,"CLASS_REMOVED,CLASS_GENERIC_TEMPLATE_CHANGED",org.springframework,spring-jdbc
FAILED,?,M2.REFACTOR.2,hut/core/src/test/java/com/jivesoftware/community/app/dao/impl/AppActionDAOImplTest.java,26,org.springframework.jdbc.core.simple.ParameterizedRowMapper,spring-jdbc,REMOVED,"CLASS_REMOVED,CLASS_GENERIC_TEMPLATE_CHANGED",org.springframework,spring-jdbc
Y,?,M2.REFACTOR.2,hut/core/src/test/java/com/jivesoftware/community/app/dao/impl/AppInstanceDAOImplTest.java,47,org.springframework.jdbc.core.simple.ParameterizedRowMapper,spring-jdbc,REMOVED,"CLASS_REMOVED,CLASS_GENERIC_TEMPLATE_CHANGED",org.springframework,spring-jdbc
Y,?,M2.REFACTOR.2,hut/core/src/test/java/com/jivesoftware/community/content/polls/dao/impl/PollDAOImplTest.java,63,org.springframework.jdbc.core.simple.ParameterizedRowMapper,spring-jdbc,REMOVED,"CLASS_REMOVED,CLASS_GENERIC_TEMPLATE_CHANGED",org.springframework,spring-jdbc
Y,?,M2.REFACTOR.2,hut/core/src/test/java/com/jivesoftware/community/entitlements/dao/impl/EntitlementsExtDAOImplTest.java,43,org.springframework.jdbc.core.simple.ParameterizedRowMapper,spring-jdbc,REMOVED,"CLASS_REMOVED,CLASS_GENERIC_TEMPLATE_CHANGED",org.springframework,spring-jdbc
FAILED,?,M2.REFACTOR.2,hut/core/src/test/java/com/jivesoftware/community/extension/dao/impl/ExtensionDAOImplTest.java,49,org.springframework.jdbc.core.simple.ParameterizedRowMapper,spring-jdbc,REMOVED,"CLASS_REMOVED,CLASS_GENERIC_TEMPLATE_CHANGED",org.springframework,spring-jdbc
Y,?,M2.REFACTOR.2,hut/core/src/test/java/com/jivesoftware/community/formattedtext/dao/impl/DbFormattedTextDAOTest.java,45,org.springframework.jdbc.core.simple.ParameterizedRowMapper,spring-jdbc,REMOVED,"CLASS_REMOVED,CLASS_GENERIC_TEMPLATE_CHANGED",org.springframework,spring-jdbc
Y,?,M2.REFACTOR.2,hut/core/src/test/java/com/jivesoftware/community/impl/dao/BanDAOImplTest.java,47,org.springframework.jdbc.core.simple.ParameterizedRowMapper,spring-jdbc,REMOVED,"CLASS_REMOVED,CLASS_GENERIC_TEMPLATE_CHANGED",org.springframework,spring-jdbc
Y,?,M2.REFACTOR.2,hut/core/src/test/java/com/jivesoftware/community/impl/dao/DbCommentDAOTest.java,77,org.springframework.jdbc.core.simple.ParameterizedRowMapper,spring-jdbc,REMOVED,"CLASS_REMOVED,CLASS_GENERIC_TEMPLATE_CHANGED",org.springframework,spring-jdbc
Y,?,M2.REFACTOR.2,hut/core/src/test/java/com/jivesoftware/community/impl/dao/DbCommunityDAOTest.java,74,org.springframework.jdbc.core.simple.ParameterizedRowMapper,spring-jdbc,REMOVED,"CLASS_REMOVED,CLASS_GENERIC_TEMPLATE_CHANGED",org.springframework,spring-jdbc
Y,?,M2.REFACTOR.2,hut/core/src/test/java/com/jivesoftware/community/impl/dao/PermissionsDAOImplTest.java,31,org.springframework.jdbc.core.simple.ParameterizedRowMapper,spring-jdbc,REMOVED,"CLASS_REMOVED,CLASS_GENERIC_TEMPLATE_CHANGED",org.springframework,spring-jdbc
Y,?,M2.REFACTOR.2,hut/core/src/test/java/com/jivesoftware/community/impl/dao/UpgradeUserDAOImplTest.java,42,org.springframework.jdbc.core.simple.ParameterizedRowMapper,spring-jdbc,REMOVED,"CLASS_REMOVED,CLASS_GENERIC_TEMPLATE_CHANGED",org.springframework,spring-jdbc
Y,?,M2.REFACTOR.2,hut/core/src/test/java/com/jivesoftware/community/oauth/dao/impl/JiveOAuthTokenDAOImplTest.java,38,org.springframework.jdbc.core.simple.ParameterizedRowMapper,spring-jdbc,REMOVED,"CLASS_REMOVED,CLASS_GENERIC_TEMPLATE_CHANGED",org.springframework,spring-jdbc
Y,?,M2.REFACTOR.2,hut/core/src/test/java/com/jivesoftware/community/oauth2/dao/JiveOAuth2ClientDAOImplTest.java,28,org.springframework.jdbc.core.simple.ParameterizedRowMapper,spring-jdbc,REMOVED,"CLASS_REMOVED,CLASS_GENERIC_TEMPLATE_CHANGED",org.springframework,spring-jdbc
Y,?,M2.REFACTOR.2,hut/core/src/test/java/com/jivesoftware/community/oauth2/dao/JiveOAuth2CodeDAOImplTest.java,30,org.springframework.jdbc.core.simple.ParameterizedRowMapper,spring-jdbc,REMOVED,"CLASS_REMOVED,CLASS_GENERIC_TEMPLATE_CHANGED",org.springframework,spring-jdbc
Y,?,M2.REFACTOR.2,hut/core/src/test/java/com/jivesoftware/community/sitemap/dao/SitemapDAOImplTest.java,39,org.springframework.jdbc.core.simple.ParameterizedRowMapper,spring-jdbc,REMOVED,"CLASS_REMOVED,CLASS_GENERIC_TEMPLATE_CHANGED",org.springframework,spring-jdbc
Y,?,M2.REFACTOR.2,hut/core/src/test/java/com/jivesoftware/community/tagset/impl/dao/DbTagSetDAOTest.java,38,org.springframework.jdbc.core.simple.ParameterizedRowMapper,spring-jdbc,REMOVED,"CLASS_REMOVED,CLASS_GENERIC_TEMPLATE_CHANGED",org.springframework,spring-jdbc
Y,?,M2.REFACTOR.2,hut/core/src/test/java/com/jivesoftware/community/user/relationships/dao/UserRelationshipDAOImplTest.java,52,org.springframework.jdbc.core.simple.ParameterizedRowMapper,spring-jdbc,REMOVED,"CLASS_REMOVED,CLASS_GENERIC_TEMPLATE_CHANGED",org.springframework,spring-jdbc
Y,?,M2.REFACTOR.2,hut/core/src/test/java/com/jivesoftware/conversion/dao/impl/ConversionDAOImplTest.java,42,org.springframework.jdbc.core.simple.ParameterizedRowMapper,spring-jdbc,REMOVED,"CLASS_REMOVED,CLASS_GENERIC_TEMPLATE_CHANGED",org.springframework,spring-jdbc
Y,N,M2.REFACTOR.2,plugins/extendedApis/src/main/java/com/jivesoftware/extendedApis/dao/SocialGroupByPropertyDAOImpl.java,19,org.springframework.jdbc.core.simple.ParameterizedRowMapper,spring-jdbc,REMOVED,"CLASS_REMOVED,CLASS_GENERIC_TEMPLATE_CHANGED",org.springframework,spring-jdbc
Y,N,M2.REFACTOR.2,plugins/extendedApis/src/main/java/com/jivesoftware/extendedApis/im/dao/IMUserExternalIDDAOImpl.java,17,org.springframework.jdbc.core.simple.ParameterizedRowMapper,spring-jdbc,REMOVED,"CLASS_REMOVED,CLASS_GENERIC_TEMPLATE_CHANGED",org.springframework,spring-jdbc
Y,N,M2.REFACTOR.2,plugins/gamification/src/main/java/com/jivesoftware/ps/nitro/activity/NitroActivityDAOImpl.java,13,org.springframework.jdbc.core.simple.ParameterizedRowMapper,spring-jdbc,REMOVED,"CLASS_REMOVED,CLASS_GENERIC_TEMPLATE_CHANGED",org.springframework,spring-jdbc
Y,N,M2.REFACTOR.2,plugins/records-retention/core/src/main/java/com/jivesoftware/retention/dao/impl/JiveBookmarkDao.java,12,org.springframework.jdbc.core.simple.ParameterizedRowMapper,spring-jdbc,REMOVED,"CLASS_REMOVED,CLASS_GENERIC_TEMPLATE_CHANGED",org.springframework,spring-jdbc
FAILED,N,M2.REFACTOR.2,plugins/twitter/src/main/java/com/jivesoftware/community/microblogging/twitter/impl/TwitterSyncUsersDAO.java,11,org.springframework.jdbc.core.simple.ParameterizedRowMapper,spring-jdbc,REMOVED,"CLASS_REMOVED,CLASS_GENERIC_TEMPLATE_CHANGED",org.springframework,spring-jdbc
FAILED,?,M2.REFACTOR.2,test/functional-content/src/test/java/com/jivesoftware/community/featured/FeaturedContentDAOTest.java,14,org.springframework.jdbc.core.simple.ParameterizedRowMapper,spring-jdbc,REMOVED,"CLASS_REMOVED,CLASS_GENERIC_TEMPLATE_CHANGED",org.springframework,spring-jdbc
Y,?,M2.REFACTOR.2,test/functional/src/test/java/com/jivesoftware/base/database/dao/JiveJdbcOperationsTemplateTest.java,19,org.springframework.jdbc.core.simple.ParameterizedRowMapper,spring-jdbc,REMOVED,"CLASS_REMOVED,CLASS_GENERIC_TEMPLATE_CHANGED",org.springframework,spring-jdbc
Y,?,M2.REFACTOR.2,test/functional/src/test/java/com/jivesoftware/community/impl/dao/ActivityDAOTest.java,13,org.springframework.jdbc.core.simple.ParameterizedRowMapper,spring-jdbc,REMOVED,"CLASS_REMOVED,CLASS_GENERIC_TEMPLATE_CHANGED",org.springframework,spring-jdbc
FAILED,?,M2.REFACTOR.2,test/functional/src/test/java/com/jivesoftware/community/impl/dao/UpgradeUserDAOTest.java,21,org.springframework.jdbc.core.simple.ParameterizedRowMapper,spring-jdbc,REMOVED,"CLASS_REMOVED,CLASS_GENERIC_TEMPLATE_CHANGED",org.springframework,spring-jdbc
FAILED,N,M2.REFACTOR.2,core/src/main/java/com/jivesoftware/base/database/dao/JiveJdbcDaoSupport.java,15,org.springframework.jdbc.core.simple.ParameterizedSingleColumnRowMapper,spring-jdbc,REMOVED,"CLASS_REMOVED,CLASS_GENERIC_TEMPLATE_CHANGED",org.springframework,spring-jdbc
FAILED,N,M2.REFACTOR.2,core/src/main/java/com/jivesoftware/community/impl/dao/ApprovalDAOImpl.java,24,org.springframework.jdbc.core.simple.ParameterizedSingleColumnRowMapper,spring-jdbc,REMOVED,"CLASS_REMOVED,CLASS_GENERIC_TEMPLATE_CHANGED",org.springframework,spring-jdbc
FAILED,N,M2.REFACTOR.2,core/src/main/java/com/jivesoftware/community/impl/dao/DbCommunityDAO.java,41,org.springframework.jdbc.core.simple.ParameterizedSingleColumnRowMapper,spring-jdbc,REMOVED,"CLASS_REMOVED,CLASS_GENERIC_TEMPLATE_CHANGED",org.springframework,spring-jdbc
FAILED,N,M2.REFACTOR.2,core/src/main/java/com/jivesoftware/community/impl/dao/DbDocumentDAO.java,88,org.springframework.jdbc.core.simple.ParameterizedSingleColumnRowMapper,spring-jdbc,REMOVED,"CLASS_REMOVED,CLASS_GENERIC_TEMPLATE_CHANGED",org.springframework,spring-jdbc
FAILED,N,M2.REFACTOR.2,core/src/main/java/com/jivesoftware/community/impl/dao/UserDAOImpl.java,30,org.springframework.jdbc.core.simple.ParameterizedSingleColumnRowMapper,spring-jdbc,REMOVED,"CLASS_REMOVED,CLASS_GENERIC_TEMPLATE_CHANGED",org.springframework,spring-jdbc
FAILED,?,M2.REFACTOR.2,core/src/test/java/com/jivesoftware/community/impl/dao/DbDocumentDAOTest.java,56,org.springframework.jdbc.core.simple.ParameterizedSingleColumnRowMapper,spring-jdbc,REMOVED,"CLASS_REMOVED,CLASS_GENERIC_TEMPLATE_CHANGED",org.springframework,spring-jdbc
Y,?,M2.REFACTOR.2,hut/core/src/test/java/com/jivesoftware/community/impl/dao/UserDAOImplTest.java,55,org.springframework.jdbc.core.simple.ParameterizedSingleColumnRowMapper,spring-jdbc,REMOVED,"CLASS_REMOVED,CLASS_GENERIC_TEMPLATE_CHANGED",org.springframework,spring-jdbc
Y,?,M2.REFACTOR.2,hut/plugins/extendedApis/src/test/java/com/jivesoftware/extendedApis/crm/dao/CRMAdapterCapabilitiesDAOImplTest.java,24,org.springframework.jdbc.core.simple.ParameterizedSingleColumnRowMapper,spring-jdbc,REMOVED,"CLASS_REMOVED,CLASS_GENERIC_TEMPLATE_CHANGED",org.springframework,spring-jdbc
Y,N,M2.REFACTOR.2,plugins/extendedApis/src/main/java/com/jivesoftware/extendedApis/crm/dao/CRMAdapterCapabilitiesDAOImpl.java,9,org.springframework.jdbc.core.simple.ParameterizedSingleColumnRowMapper,spring-jdbc,REMOVED,"CLASS_REMOVED,CLASS_GENERIC_TEMPLATE_CHANGED",org.springframework,spring-jdbc
Y,N,M2.REFACTOR.2,plugins/extendedApis/src/main/java/com/jivesoftware/extendedApis/crm/dao/CRMConfigurationDAOImpl.java,17,org.springframework.jdbc.core.simple.ParameterizedSingleColumnRowMapper,spring-jdbc,REMOVED,"CLASS_REMOVED,CLASS_GENERIC_TEMPLATE_CHANGED",org.springframework,spring-jdbc
Y,N,M2.REFACTOR.2,plugins/extendedApis/src/main/java/com/jivesoftware/extendedApis/crm/dao/CRMEscalationSettingsDAOImpl.java,15,org.springframework.jdbc.core.simple.ParameterizedSingleColumnRowMapper,spring-jdbc,REMOVED,"CLASS_REMOVED,CLASS_GENERIC_TEMPLATE_CHANGED",org.springframework,spring-jdbc
Y,N,M2.REFACTOR.2,plugins/extendedApis/src/main/java/com/jivesoftware/extendedApis/crm/dao/CRMSyncedUsersDAOImpl.java,10,org.springframework.jdbc.core.simple.ParameterizedSingleColumnRowMapper,spring-jdbc,REMOVED,"CLASS_REMOVED,CLASS_GENERIC_TEMPLATE_CHANGED",org.springframework,spring-jdbc
Y,N,M2.REFACTOR.2,plugins/extendedApis/src/main/java/com/jivesoftware/extendedApis/crm/dao/EscalatedDiscussionsDAOImpl.java,15,org.springframework.jdbc.core.simple.ParameterizedSingleColumnRowMapper,spring-jdbc,REMOVED,"CLASS_REMOVED,CLASS_GENERIC_TEMPLATE_CHANGED",org.springframework,spring-jdbc
Y,N,M2.REFACTOR.2,plugins/extendedApis/src/main/java/com/jivesoftware/extendedApis/crm/dao/EscalationQueueDAOImpl.java,12,org.springframework.jdbc.core.simple.ParameterizedSingleColumnRowMapper,spring-jdbc,REMOVED,"CLASS_REMOVED,CLASS_GENERIC_TEMPLATE_CHANGED",org.springframework,spring-jdbc
FAILED,N,M2.REFACTOR.2,plugins/extendedApis/src/main/java/com/jivesoftware/extendedApis/im/dao/IMUserExternalIDDAOImpl.java,18,org.springframework.jdbc.core.simple.ParameterizedSingleColumnRowMapper,spring-jdbc,REMOVED,"CLASS_REMOVED,CLASS_GENERIC_TEMPLATE_CHANGED",org.springframework,spring-jdbc
FAILED,N,M2.REFACTOR.2,core/src/main/java/com/jivesoftware/base/database/dao/JiveJdbcOperationsTemplate.java,31,org.springframework.jdbc.support.lob.OracleLobHandler,spring-jdbc,REMOVED,CLASS_REMOVED,org.springframework,spring-jdbc
Y,N,M2.REFACTOR.2,core/src/main/java/com/jivesoftware/base/database/ConnectionManager.java,24,org.springframework.jdbc.support.lob.OracleLobHandler,spring-jdbc,REMOVED,CLASS_REMOVED,org.springframework,spring-jdbc